[
    {
        "title": "UI Design",
        "subtitle": "4HUMANZ",
        "description1": "Vestibulum vulputate sit nunc faucibus. Sagittis vulputate mi lorem urna quis orci.",
        "date": "xxx<br>xxx"
    },
    {
        "title": "Logo Animation",
        "subtitle": "4HUMANZ",
        "description1": "Logo Animation for 'Fundação Dr. Almeida Grilo'",
        "date": "February 2025"
    },
    {
        "title": "UI Design",
        "subtitle": "4HUMANZ",
        "description1": "Website redesign for <a class='inlineLink3' target='_blank' href='projects/marechal1551'>'Marechal1551'</a>.",
        "date": "xxx<br>xxx"
    },
    {
        "title": "UI Design",
        "subtitle": "4HUMANZ",
        "description1": "Website redesign for <a class='inlineLink3' target='_blank' href='projects/bull&stein'>'BULL & STEIN'</a>.",
        "date": "May 2024<br>November 2024"
    },
    {
        "title": "Board Game Design",
        "subtitle": "4HUMANZ",
        "description1": "Board Game Design <a class='inlineLink3' target='_blank' href='projects/populations'>'Populations'</a> for i3S.",
        "date": "May 2024<br>July 2024"
    },
    {
        "title": "UI Design",
        "subtitle": "Everythink",
        "description1": "Helped develop the initial stages of the High-Fidelity Prototype for the 'Eliot' medical app, for the Health Professional's desktop use.",
        "date": "February 2024<br>March 2024"
    },
    {
        "title": "UI Design",
        "subtitle": "3Decide",
        "description1": "Interface for the 'Robot's Challenge' quiz type game",
        "date": "January 2024<br>March 2024"
    },
    {
        "title": "Video Edition",
        "subtitle": "4HUMANZ",
        "description1": "Video post-production for the Toolkit SEED: 'SomaEsthetics for Enabling Designers'",
        "date": "December 2023<br>January 2024"
    },
    {
        "title": "UI Design",
        "subtitle": "CETAPS – Centre for English, Translation, and Anglo‑Portuguese Studies",
        "description1": "Website Design for the project <a class='inlineLink3' target='_blank' href='projects/anglophonetravellersinportugal'>'Anglophone Travellers in Portugal'</a>.",
        "date": "November 2023<br>May 2024"
    },
    {
        "title": "UI Design<br>Animation",
        "subtitle": "Porto’s Planetarium<br>Centro de Ciência Viva",
        "description1": "Using Figma, I designed the User Interface following the App’s Requirements as a starting point for the Web App “Music Of The Stars” from the project BREAKStarS by Porto’s Planetarium. It was also my role to design animations to be used inside the app. Throughout this time I had scrum meetings with the project’s engineer and the head of the project, and communicate with the client, either by e-mail, or by occasional meetings..",
        "date": "December 2021<br>June 2022"
    }
]