[
    {
        "title": "Coro Mozart de Viseu",
        "description1": "Choir Member",
        "date": "2011 - Present"
    },
    {
        "title": "Coro Mozart de Viseu",
        "description1": "Multimedia Department Coordinator",
        "date": "2017 - Present"
    },
    {
        "title": "Accessible European Union: Accessibility and Higher Education",
        "description1": "Speaker with the project 'Skills For a Next Generation'",
        "date": "2024"
    },
    {
        "title": "Skills For a Next Generation",
        "description1": "Proponent in classes at FBAUP, FEUP and FLUP",
        "date": "XXX"
    },
    {
        "title": "Speaker",
        "description1": "Masters in Image Design, XXXXXXXXx, at FBAUP",
        "date": "text"
    },
    {
        "title": "‘Figurações Interartes' International Congress",
        "description1": "Website Painting Displayed 'Spin Me' & 'Servant' from 'Indecisão'",
        "date": "text"
    },
    {
        "title": "'Literatura Portuguesa Moderna e Contemporânea em Contexto Universitário de E-Learning'",
        "description1": "Book Cover",
        "date": "text"
    },
    {
        "title": "Sementeira Collective Exhibition",
        "description1": "Viseu, Portugal",
        "date": "2019"
    },
    {
        "title": "'Indecisão' Solo Exhibition",
        "description1": "Sementeira, Viseu, Portugal",
        "date": "2019"
    },
    {
        "title": "Sementeira Collective Exhibition",
        "description1": "Viseu, Portugal",
        "date": "2018"
    },
    {
        "title": "“Pintar Viseu”",
        "description1": "Painting Contest 'Pintar Viseu - Encantos e Recantos' Honorable Mention",
        "date": "2017"
    },
    {
        "title": "Sementeira Collective Exhibition",
        "description1": "Viseu, Portugal",
        "date": "2017"
    },
    {
        "title": "Volleyball Player",
        "description1": ["EB 2, 3 Grão Vasco;", "Escola Secundária Alves Martins;", "Faculty of Fine Arts University of Porto"],
        "date": "2011 - 2017<br>2023"
    },
    {
        "title": "AÇÃO003! Scholar Video Festival",
        "description1": "XVII Cinema Meetings in Viana do Castelo, Portugal",
        "date": "2017"
    },
    {
        "title": "F1 in Schools Nationals",
        "description1": "Graphic Designer for team 'Focus'",
        "date": "2015"
    },
    {
        "title": "Roller Hockey Player",
        "description1": "Hóquei Clube de Viseu Federated Athlete",
        "date": "2009-2014"
    }
]